{"cameraMode":{"drawMode":0,"name":"Shaded","section":"Shading Mode"},"sceneLighting":false,"audioPlay":false,"sceneViewState":{"m_AlwaysRefresh":false,"showFog":true,"showSkybox":false,"showFlares":true,"showImageEffects":true,"showParticleSystems":true,"showVisualEffectGraphs":true,"m_FxEnabled":true},"in2DMode":false,"pivot":{"x":-0.7667288184165955,"y":-0.8911399841308594,"z":55.18669128417969},"rotation":{"x":0.003699927357956767,"y":0.9861298203468323,"z":-0.16451814770698548,"w":0.022177591919898988},"size":18.557205200195314,"orthographic":false}